{
  "movies": [
    {
      "id": 1,
      "title": "(500) Days of Summer",
      "year": 2025,
      "synopsis": "This is not a love story. Tom, a greeting card writer and romantic idealist, reflects on his failed relationship with Summer, a woman who doesn't believe in true love. As he navigates through the 500 days of memories, Tom uncovers the harsh truths of expectations vs. reality in modern relationships.",
      "poster": "500summer.jpg",
      "largePoster": "500summer.jpg",
      "rentPrice": 3.99,
      "buyPrice": 14.99,
      "category": "movie",
      "genre": "Romance, Comedy",
      "duration": "1h 35m",
      "release": "2009",
      "language": "English",
      "featured": true
    },
    {
      "id": 2,
      "title": "Spider-Man: No Way Home",
      "year": 2025,
      "synopsis": "Peter Parker seeks the help of Doctor Strange to make the world forget his revealed identity as Spider-Man. But when the spell goes wrong, villains from across the multiverse begin to arrive, forcing Peter to question the true cost of being a hero.",
      "poster": "spiderman.jpg",
      "largePoster": "spiderman.jpg",
      "rentPrice": 3.99,
      "buyPrice": 14.99,
      "category": "movie",
      "genre": "Action, Superhero",
      "duration": "2h 28m",
      "release": "2021",
      "language": "English",
      "featured": true
    },
    {
      "id": 3,
      "title": "One Day",
      "year": 2025,
      "synopsis": "After one day spent together at university graduation, Emma and Dexter begin a lifelong friendship. Over 20 years, they reconnect every July 15, sharing moments of joy, heartbreak, and self-discovery, ultimately revealing how one day can change everything.",
      "poster": "oneday.jpg",
      "largePoster": "oneday.jpg",
      "rentPrice": 3.99,
      "buyPrice": 14.99,
      "category": "movie",
      "genre": "Romance, Drama",
      "duration": "1h 47m",
      "release": "2011",
      "language": "English",
      "featured": true
    },
    {
      "id": 4,
      "title": "Interception",
      "year": 2025,
      "synopsis": "A skilled thief, Dom Cobb, has the rare ability to enter peopleâ€™s dreams and steal secrets from their subconscious. When offered a chance to have his criminal past erased, he must pull off the impossible: inceptionâ€”planting an idea rather than stealing one.",
      "poster": "interception.jpg",
      "largePoster": "interception.jpg",
      "rentPrice": 3.99,
      "buyPrice": 14.99,
      "category": "movie",
      "genre": "Action, Sci-Fi",
      "duration": "2h 28m",
      "release": "2010",
      "language": "English",
      "featured": true
    },
    {
      "id": 5,
      "title": "The Dark Knight",
      "year": 2025,
      "synopsis": "Batman raises the stakes in his war on crime. With the help of allies, he sets out to dismantle the remaining criminal organizations in Gotham. But they soon find themselves prey to a reign of chaos unleashed by a criminal mastermind known as the Joker.",
      "poster": "darkknight.jpg",
      "largePoster": "darkknight.jpg",
      "rentPrice": 3.99,
      "buyPrice": 14.99,
      "category": "movie",
      "genre": "Action, Crime",
      "duration": "2h 32m",
      "release": "2008",
      "language": "English",
      "featured": true
    },
    {
      "id": 6,
      "title": "La La Land",
      "year": 2025,
      "synopsis": "In the city of dreams, aspiring actress Mia and jazz pianist Sebastian pursue fame and passion. As success draws them apart, they face difficult choices about love, careers, and the sacrifices made in pursuit of their dreams.",
      "poster": "lalaland.jpg",
      "largePoster": "lalaland.jpg",
      "rentPrice": 3.99,
      "buyPrice": 14.99,
      "category": "movie",
      "genre": "Musical, Romance",
      "duration": "2h 8m",
      "release": "2016",
      "language": "English",
      "featured": true
    },
    {
      "id": 7,
      "title": "Interstellar",
      "year": 2025,
      "synopsis": "As Earth faces ecological collapse, a group of explorers embarks on a mission through a wormhole in space, searching for a new planet for humanity. Love, time, and survival intersect in this emotional and visually stunning journey across galaxies.",
      "poster": "interstella.jpg",
      "largePoster": "interstella.jpg",
      "rentPrice": 3.99,
      "buyPrice": 14.99,
      "category": "movie",
      "genre": "Adventure, Drama",
      "duration": "2h 49m",
      "release": "2014",
      "language": "English",
      "featured": false
    },
    {
      "id": 8,
      "title": "The Matrix",
      "year": 2025,
      "synopsis": "When Thomas Anderson, a computer hacker, uncovers the truth about his reality being a simulated program created by machines, he joins a rebel group to fight for the freedom of humanity and discover the power within himself.",
      "poster": "matrix.jpg",
      "largePoster": "matrix.jpg",
      "rentPrice": 3.99,
      "buyPrice": 14.99,
      "category": "movie",
      "genre": "Sci-Fi, Action",
      "duration": "2h 16m",
      "release": "1999",
      "language": "English",
      "featured": false
    },
    {
      "id": 9,
      "title": "Avengers: Endgame",
      "year": 2025,
      "synopsis": "After the devastating events of Infinity War, the Avengers assemble one final time to undo Thanosâ€™s destruction and restore balance to the universe. In a story of sacrifice, teamwork, and legacy, heroes rise for one last epic battle.",
      "poster": "endgame.jpg",
      "largePoster": "endgame.jpg",
      "rentPrice": 3.99,
      "buyPrice": 14.99,
      "category": "movie",
      "genre": "Action, Superhero",
      "duration": "3h 1m",
      "release": "2019",
      "language": "English",
      "featured": false
    },
    {
      "id": 10,
      "title": "Frozen II",
      "year": 2025,
      "synopsis": "Elsa hears a mysterious voice calling her beyond Arendelle, prompting her, Anna, Kristoff, and Olaf to journey into an enchanted forest. There, they uncover ancient secrets and the origins of Elsaâ€™s powers, testing their bonds and courage.",
      "poster": "frozen.jpg",
      "largePoster": "frozen.jpg",
      "rentPrice": 3.99,
      "buyPrice": 14.99,
      "category": "movie",
      "genre": "Animation, Fantasy",
      "duration": "1h 43m",
      "release": "2019",
      "language": "English",
      "featured": false
    },
    {
      "id": 11,
      "title": "The Batman",
      "year": 2025,
      "synopsis": "Batman uncovers deep-rooted corruption in Gotham City while hunting the Riddler, a sadistic killer targeting the city's elite. As clues and cryptic messages pile up, Bruce Wayne must confront his family's legacy and define what kind of hero he wants to be.",
      "poster": "batman.jpg",
      "largePoster": "batman.jpg",
      "rentPrice": 3.99,
      "buyPrice": 14.99,
      "category": "movie",
      "genre": "Action, Mystery",
      "duration": "2h 56m",
      "release": "2022",
      "language": "English",
      "featured": false
    },
    {
      "id": 12,
      "title": "Parasite",
      "year": 2025,
      "synopsis": "The struggling Kim family infiltrates the wealthy Park household under false pretenses, leading to an escalating series of deceptions. As their lives intertwine, tensions rise, exposing the stark divide between rich and poor in a darkly satirical thriller.",
      "poster": "parasite.jpg",
      "largePoster": "parasite.jpg",
      "rentPrice": 3.99,
      "buyPrice": 14.99,
      "category": "movie",
      "genre": "Thriller, Drama",
      "duration": "2h 12m",
      "release": "2019",
      "language": "Korean",
      "featured": false
    },
    {
      "id": 13,
      "title": "Coco",
      "year": 2025,
      "synopsis": "A young boy enters the Land of the Dead to unlock his family's history and love for music.",
      "poster": "coco.jpg",
      "largePoster": "coco.jpg",
      "rentPrice": 3.99,
      "buyPrice": 14.99,
      "category": "movie",
      "genre": "Animation, Family",
      "duration": "1h 45m",
      "release": "2017",
      "language": "English",
      "featured": false
    },
    {
      "id": 14,
      "title": "Dune",
      "year": 2025,
      "synopsis": "A young man must protect his people and a powerful resource on a desert planet.",
      "poster": "dune.jpg",
      "largePoster": "dune.jpg",
      "rentPrice": 3.99,
      "buyPrice": 14.99,
      "category": "movie",
      "genre": "Adventure, Sci-Fi",
      "duration": "2h 35m",
      "release": "2021",
      "language": "English",
      "featured": false
    },
    {
      "id": 15,
      "title": "Encanto",
      "year": 2025,
      "synopsis": "A Colombian girl struggles to find her worth in a magical family where everyone has powers\u00e2\u20ac\u201dexcept her.",
      "poster": "encanto.jpg",
      "largePoster": "encanto.jpg",
      "rentPrice": 3.99,
      "buyPrice": 14.99,
      "category": "movie",
      "genre": "Animation, Musical",
      "duration": "1h 42m",
      "release": "2021",
      "language": "English",
      "featured": false
    },
    {
      "id": 16,
      "title": "Loki",
      "year": 2025,
      "synopsis": "After stealing the Tesseract during the events of Avengers: Endgame, Loki finds himself recruited by the Time Variance Authority, a bureaucratic agency tasked with preserving the timeline. As he navigates this strange new world, he confronts alternate versions of himself and the consequences of his choices.",
      "poster": "loki.jpg",
      "largePoster": "loki.jpg",
      "rentPrice": 2.99,
      "buyPrice": 12.99,
      "category": "tv",
      "genre": "Action, Sci-Fi",
      "duration": "6 episodes (~50 min each)",
      "release": "2021",
      "language": "English",
      "featured": true
    },
    {
      "id": 17,
      "title": "Friends",
      "year": 2025,
      "synopsis": "Follow the hilarious and heartfelt lives of six close-knit friends' Rachel, Ross, Monica, Chandler, Joey, and Phoebeâ€”as they navigate relationships, careers, and quirky adventures in New York City. A sitcom classic that defines friendship and laughter.",
      "poster": "friends.jpg",
      "largePoster": "friends.jpg",
      "rentPrice": 2.99,
      "buyPrice": 12.99,
      "category": "tv",
      "genre": "Comedy, Sitcom",
      "duration": "10 seasons (~22 min/ep)",
      "release": "1994",
      "language": "English",
      "featured": true
    },
    {
      "id": 18,
      "title": "How I Met Your Mother",
      "year": 2025,
      "synopsis": "Ted Mosby recounts to his children the winding, comical, and often emotional journey that led him to meeting their mother. Along the way, Ted and his friends experience the ups and downs of love, work, and friendship in Manhattan.",
      "poster": "himym.jpg",
      "largePoster": "himym.jpg",
      "rentPrice": 2.99,
      "buyPrice": 12.99,
      "category": "tv",
      "genre": "Comedy, Romance",
      "duration": "9 seasons (~22 min/ep)",
      "release": "2005",
      "language": "English",
      "featured": true
    },
    {
      "id": 19,
      "title": "Beloved Summer",
      "year": 2025,
      "synopsis": "Years after their breakup, former high school sweethearts Choi Ung and Kook Yeon-su are forced to reunite when a documentary they filmed goes viral. As cameras roll again, past wounds, love, and regrets resurface in this touching coming-of-age romance.",
      "poster": "belovedsummer.jpg",
      "largePoster": "belovedsummer.jpg",
      "rentPrice": 2.99,
      "buyPrice": 12.99,
      "category": "tv",
      "genre": "Romance, Drama",
      "duration": "16 episodes (~60 min each)",
      "release": "2021",
      "language": "Korean",
      "featured": true
    },
    {
      "id": 20,
      "title": "Reply 1988",
      "year": 2025,
      "synopsis": "Set in a close-knit neighborhood in 1980s Seoul, this nostalgic drama explores the lives of five childhood friends and their families. Filled with warmth, humor, and tears, the series highlights family values, youth dreams, and enduring friendships.",
      "poster": "reply1988.jpg",
      "largePoster": "reply1988.jpg",
      "rentPrice": 2.99,
      "buyPrice": 12.99,
      "category": "tv",
      "genre": "Drama, Family",
      "duration": "20 episodes (~90 min each)",
      "release": "2015",
      "language": "Korean",
      "featured": true
    },
    {
      "id": 21,
      "title": "Squid Game",
      "year": 2025,
      "synopsis": "Hundreds of financially desperate contestants accept an invitation to compete in deadly childrenâ€™s games for a tempting prize. As alliances form and betrayals emerge, the true cost of survival is revealed in this intense Korean thriller.",
      "poster": "squidgame.jpg",
      "largePoster": "squidgame.jpg",
      "rentPrice": 2.99,
      "buyPrice": 12.99,
      "category": "tv",
      "genre": "Thriller, Drama",
      "duration": "9 episodes (~60 min each)",
      "release": "2021",
      "language": "Korean",
      "featured": true
    },
    {
      "id": 22,
      "title": "The Crown",
      "year": 2025,
      "synopsis": "The Crown chronicles the reign of Queen Elizabeth II, portraying her political and personal challenges from youth to modern times. With stunning performances and period detail, it offers a behind-the-scenes look at the British royal family.",
      "poster": "thecrown.jpg",
      "largePoster": "thecrown.jpg",
      "rentPrice": 2.99,
      "buyPrice": 12.99,
      "category": "tv",
      "genre": "Biography, Drama",
      "duration": "6 seasons (~1h/ep)",
      "release": "2016",
      "language": "English",
      "featured": false
    },
    {
      "id": 23,
      "title": "Breaking Bad",
      "year": 2025,
      "synopsis": "Walter White, a high school chemistry teacher diagnosed with cancer, turns to cooking meth to secure his familyâ€™s future. As he descends into the criminal underworld with former student Jesse Pinkman, morality, loyalty, and power are tested.",
      "poster": "breakingbad.jpg",
      "largePoster": "breakingbad.jpg",
      "rentPrice": 2.99,
      "buyPrice": 12.99,
      "category": "tv",
      "genre": "Crime, Drama",
      "duration": "5 seasons (~47 min/ep)",
      "release": "2008",
      "language": "English",
      "featured": false
    },
    {
      "id": 24,
      "title": "Game of Thrones",
      "year": 2025,
      "synopsis": "In the mythical land of Westeros, noble families battle for control of the Iron Throne. As political intrigue, betrayal, and war unfold, supernatural forces return, and the fate of the realm hangs in the balance.",
      "poster": "got.jpg",
      "largePoster": "got.jpg",
      "rentPrice": 2.99,
      "buyPrice": 12.99,
      "category": "tv",
      "genre": "Fantasy, Drama",
      "duration": "8 seasons (~1h/ep)",
      "release": "2011",
      "language": "English",
      "featured": false
    },
    {
      "id": 25,
      "title": "Stranger Things",
      "year": 2025,
      "synopsis": "When a young boy disappears, his friends uncover a secret government experiment and a mysterious girl with supernatural powers. Set in the 1980s, the series blends horror, sci-fi, and heartwarming friendship in a nostalgic adventure.",
      "poster": "strangerthings.jpg",
      "largePoster": "strangerthings.jpg",
      "rentPrice": 2.99,
      "buyPrice": 12.99,
      "category": "tv",
      "genre": "Mystery, Sci-Fi",
      "duration": "4 seasons (~50 min/ep)",
      "release": "2016",
      "language": "English",
      "featured": false
    },
    {
      "id": 26,
      "title": "The Mandalorian",
      "year": 2025,
      "synopsis": "A lone bounty hunter protects a mysterious child in the Star Wars universe.",
      "poster": "mando.jpg",
      "largePoster": "mando.jpg",
      "rentPrice": 2.99,
      "buyPrice": 12.99,
      "category": "tv",
      "genre": "Sci-Fi, Action",
      "duration": "3 seasons (~40 min/ep)",
      "release": "2019",
      "language": "English",
      "featured": false
    },
    {
      "id": 27,
      "title": "The Office",
      "year": 2025,
      "synopsis": "A mockumentary following the awkward, hilarious lives of office employees in Scranton.",
      "poster": "office.jpg",
      "largePoster": "office.jpg",
      "rentPrice": 2.99,
      "buyPrice": 12.99,
      "category": "tv",
      "genre": "Comedy, Sitcom",
      "duration": "9 seasons (~22 min/ep)",
      "release": "2005",
      "language": "English",
      "featured": false
    },
    {
      "id": 28,
      "title": "Sherlock",
      "year": 2025,
      "synopsis": "A modern-day Sherlock Holmes solves crimes in London with his friend Dr. Watson.",
      "poster": "sherlock.jpg",
      "largePoster": "sherlock.jpg",
      "rentPrice": 2.99,
      "buyPrice": 12.99,
      "category": "tv",
      "genre": "Crime, Mystery",
      "duration": "4 seasons (~90 min/ep)",
      "release": "2010",
      "language": "English",
      "featured": false
    },
    {
      "id": 29,
      "title": "The Queen's Gambit",
      "year": 2025,
      "synopsis": "An orphaned chess prodigy rises to fame while battling addiction and loneliness.",
      "poster": "queensgambit.jpg",
      "largePoster": "queensgambit.jpg",
      "rentPrice": 2.99,
      "buyPrice": 12.99,
      "category": "tv",
      "genre": "Drama, Sports",
      "duration": "7 episodes (~60 min each)",
      "release": "2020",
      "language": "English",
      "featured": false
    },
    {
      "id": 30,
      "title": "Wednesday",
      "year": 2025,
      "synopsis": "Wednesday Addams attends Nevermore Academy and investigates dark mysteries tied to her family.",
      "poster": "wednesday.jpg",
      "largePoster": "wednesday.jpg",
      "rentPrice": 2.99,
      "buyPrice": 12.99,
      "category": "tv",
      "genre": "Fantasy, Mystery",
      "duration": "1 season (~50 min/ep)",
      "release": "2022",
      "language": "English",
      "featured": false
    }
  ]
}